{"frames": {
	"idle-down":{
		"frame": {"x":"128","y":"0","w":"32","h":"32"},
		"spriteSourceSize": {"x":"0","y":"0","w":"32","h":"32"},
		"pivot": {"x":0.5,"y":0.5}
	},
	"idle-up":{
		"frame": {"x":"96","y":"128","w":"32","h":"32"},
		"spriteSourceSize": {"x":"0","y":"0","w":"32","h":"32"},
		"pivot": {"x":0.5,"y":0.5}
	},
	"idle_0":{
		"frame": {"x":"64","y":"0","w":"32","h":"32"},
		"spriteSourceSize": {"x":"0","y":"0","w":"32","h":"32"},
		"pivot": {"x":0.5,"y":0.5}
	},
	"jump_0":{
		"frame": {"x":"96","y":"96","w":"32","h":"32"},
		"spriteSourceSize": {"x":"0","y":"0","w":"32","h":"32"},
		"pivot": {"x":0.5,"y":0.5}
	},
	"jump_1":{
		"frame": {"x":"96","y":"64","w":"32","h":"32"},
		"spriteSourceSize": {"x":"0","y":"0","w":"32","h":"32"},
		"pivot": {"x":0.5,"y":0.5}
	},
	"jump_2":{
		"frame": {"x":"96","y":"32","w":"32","h":"32"},
		"spriteSourceSize": {"x":"0","y":"0","w":"32","h":"32"},
		"pivot": {"x":0.5,"y":0.5}
	},
	"run-down_0":{
		"frame": {"x":"32","y":"64","w":"32","h":"32"},
		"spriteSourceSize": {"x":"0","y":"0","w":"32","h":"32"},
		"pivot": {"x":0.5,"y":0.5}
	},
	"run-down_1":{
		"frame": {"x":"32","y":"32","w":"32","h":"32"},
		"spriteSourceSize": {"x":"0","y":"0","w":"32","h":"32"},
		"pivot": {"x":0.5,"y":0.5}
	},
	"run-down_2":{
		"frame": {"x":"32","y":"0","w":"32","h":"32"},
		"spriteSourceSize": {"x":"0","y":"0","w":"32","h":"32"},
		"pivot": {"x":0.5,"y":0.5}
	},
	"run-down_3":{
		"frame": {"x":"0","y":"128","w":"32","h":"32"},
		"spriteSourceSize": {"x":"0","y":"0","w":"32","h":"32"},
		"pivot": {"x":0.5,"y":0.5}
	},
	"run-down_4":{
		"frame": {"x":"0","y":"96","w":"32","h":"32"},
		"spriteSourceSize": {"x":"0","y":"0","w":"32","h":"32"},
		"pivot": {"x":0.5,"y":0.5}
	},
	"run-down_5":{
		"frame": {"x":"0","y":"64","w":"32","h":"32"},
		"spriteSourceSize": {"x":"0","y":"0","w":"32","h":"32"},
		"pivot": {"x":0.5,"y":0.5}
	},
	"run-down_6":{
		"frame": {"x":"0","y":"32","w":"32","h":"32"},
		"spriteSourceSize": {"x":"0","y":"0","w":"32","h":"32"},
		"pivot": {"x":0.5,"y":0.5}
	},
	"run-down_7":{
		"frame": {"x":"0","y":"0","w":"32","h":"32"},
		"spriteSourceSize": {"x":"0","y":"0","w":"32","h":"32"},
		"pivot": {"x":0.5,"y":0.5}
	},
	"run_0":{
		"frame": {"x":"96","y":"0","w":"32","h":"32"},
		"spriteSourceSize": {"x":"0","y":"0","w":"32","h":"32"},
		"pivot": {"x":0.5,"y":0.5}
	},
	"run_1":{
		"frame": {"x":"64","y":"128","w":"32","h":"32"},
		"spriteSourceSize": {"x":"0","y":"0","w":"32","h":"32"},
		"pivot": {"x":0.5,"y":0.5}
	},
	"run_2":{
		"frame": {"x":"64","y":"96","w":"32","h":"32"},
		"spriteSourceSize": {"x":"0","y":"0","w":"32","h":"32"},
		"pivot": {"x":0.5,"y":0.5}
	},
	"run_3":{
		"frame": {"x":"64","y":"64","w":"32","h":"32"},
		"spriteSourceSize": {"x":"0","y":"0","w":"32","h":"32"},
		"pivot": {"x":0.5,"y":0.5}
	},
	"run_4":{
		"frame": {"x":"64","y":"32","w":"32","h":"32"},
		"spriteSourceSize": {"x":"0","y":"0","w":"32","h":"32"},
		"pivot": {"x":0.5,"y":0.5}
	},
	"run_5":{
		"frame": {"x":"128","y":"32","w":"32","h":"32"},
		"spriteSourceSize": {"x":"0","y":"0","w":"32","h":"32"},
		"pivot": {"x":0.5,"y":0.5}
	},
	"run_6":{
		"frame": {"x":"32","y":"128","w":"32","h":"32"},
		"spriteSourceSize": {"x":"0","y":"0","w":"32","h":"32"},
		"pivot": {"x":0.5,"y":0.5}
	},
	"run_7":{
		"frame": {"x":"32","y":"96","w":"32","h":"32"},
		"spriteSourceSize": {"x":"0","y":"0","w":"32","h":"32"},
		"pivot": {"x":0.5,"y":0.5}
	},
	"EOL":"true"
}
,"meta":{
	"image": "sprites.png",
	"size":{"w":160,"h":160}
}}